,user_name,caption_text,hashtags,comments_count,likes_count,filter,type,created_time,full_name,user_id,link,latitude,longitude
0,manel.albalak,"Almost ready for the beach, bitches #gymaddict#thombrowne#swimsuit#summer#caloret#persol#chulazo","[summer, gymaddict, persol, thombrowne, chulazo, caloret, swimsuit]",6,6,Normal,image,1430258644,Manel Albalak,1667087344,https://instagram.com/p/2COG-4pKZ3/,39.492410633,-0.398441794
1,yjw0616,"thank you for such a wonderful gift, it totally made my day :) #instasize #thombrowne #newyork #tie #thankyou #present #gift #happy #photoftheday","[gift, thombrowne, newyork, photoftheday, instasize, thankyou, tie, present, happy]",0,9,Normal,image,1430258238,D A N I E L  W.  Y I,36965193,https://instagram.com/p/2CNVbtgwrt/,40.972021667,-74.124741667
2,meenomee,"í†°ë¸Œë¼ìš´ 15ss ì‹œê·¸ë‹ˆì³ ì‚¼ì„  ì…”ì¸  1size íŒë‹ˆë‹¤
ê°€ê²©ì€ ì¸í„°ë„·ìµœì €ê°€ ì°¾ì•„ì˜¤ì‹ ê¸ˆì•¡ë³´ë‹¤ ì‹¸ê²Œ ë“œë¦´ê²Œìš”(1ì‚¬ì´ì¦ˆ í’ˆì ˆëœ ì‚¬ì´íŠ¸ ê¸ˆì•¡ ì œì™¸)ë‹¤ì´ë ‰íŠ¸ë‚˜ ëŒ“ê¸€ë¡œ ì ì–´ì£¼ì„¸ìš©#í†°ë¸Œë¼ìš´ #thombrowne","[ë°ì¼ë¦¬, ì„ íŒ”, ëŒ€ì „, í†°ë¸Œë¼ìš´, selfie, benz, ë§íŒ”, ë¨¹ìŠ¤íƒ€ê·¸ë¨, ì†Œí†µ, ëŸ½ìŠ¤íƒ€ê·¸ë¨, ë°ì¼ë¦¬ë£©, ootd, ì…€ìŠ¤íƒ€ê·¸ë¨, audi, selca, thombrowne, iphone6, dailylook, daily, ë‚˜ì´í‚¤, ë°œìŠ¤íƒ€ê·¸ë¨, ì…€ì¹´, ì¼ìƒ, ì•„ì´í°6, ë‹¤ì´ë ‰íŠ¸, bmw]",10,23,Normal,image,1430258222,ë‚œ ë¯¸ë…¸ì“°,1633751044,https://instagram.com/p/2CNTbXEFU7/,36.44973,127.129722167
3,rolfspringer,RWB 2. #ThomBrowne #ThomBrowneNY #ootd #mensfashion,"[mensfashion, ootd, thombrowneny, thombrowne]",1,14,Normal,image,1430257966,Rolf Springer,236768976,https://instagram.com/p/2CM0M8viRx/,47.607013333,-122.332633333
4,rolfspringer,RWB. #ThomBrowne #ThomBrowneNY #ootd #mensfashion,"[mensfashion, ootd, thombrowneny, thombrowne]",0,12,Normal,image,1430257892,Rolf Springer,236768976,https://instagram.com/p/2CMrIjPiRc/,47.607013333,-122.332633333
5,setawb,#thombrowne,[thombrowne],0,8,Juno,image,1430257450,,51781704,https://instagram.com/p/2CL1LZmqZr/,,
6,ilovesunglasses_,"ThomBrowne à¸›à¸£à¸­à¸—à¹€à¸‡à¸´à¸™ à¸ªà¸´à¸™à¸„à¹‰à¸²à¸à¸£à¹‰à¸­à¸¡à¸ªà¹ˆà¸‡à¸„à¹ˆà¸° 
à¸£à¸²à¸„à¸² 3,290 à¸šà¸²à¸— emsà¸Ÿà¸£à¸µà¸„à¹ˆà¸°
Line : ilovesunglasses

#ilovesunglasses #NewArrivel #thombrowne  #à¸›à¸£à¸­à¸—à¹€à¸‡à¸´à¸™  #silver #à¸ªà¸´à¸™à¸„à¹‰à¸²à¸à¸£à¹‰à¸­à¸¡à¸ªà¹ˆà¸‡ #emsà¸Ÿà¸£à¸µ # Topmirror #UV100% #yourfashion #order #now #à¸–à¹ˆà¸²à¸¢à¸ˆà¸²à¸à¸ªà¸´à¸™à¸„à¹‰à¸²à¸ˆà¸£à¸´à¸‡ #à¸£à¸±à¸šà¸›à¸£à¸°à¸à¸±à¸™à¸„à¸¸à¸“à¸ à¸²à¸","[yourfashion, à¸£, à¸ª, emsà¸Ÿà¸£, thombrowne, newarrivel, order, à¸–, ilovesunglasses, à¸›à¸£à¸­à¸—à¹€à¸‡, now, silver, uv100]",0,3,Normal,image,1430255337,ILOVESUNGLASSES,2059221082,https://instagram.com/p/2CHzRWkO7-/,,
7,thewebstermiami,Thom Browne brogues and sneakers - @thombrowneny #ThomBrowne - Available now at #TheWebster #TheWebsterBalHarbour,"[thewebster, thewebsterbalharbour, thombrowne]",5,126,Ludwig,image,1430255264,The Webster Miami / Laure HD,27444679,https://instagram.com/p/2CHqZUySO-/,25.888384,-80.125217
8,thelibertyexperiment,"Style never grows old 
Thelibertyexperiment.co.uk
#menswear #dapper #streetstyle #fashion #gq #rickowens #ysl #saintlaurent #stoneisland #rolex #burberry #fashion #nickwooster #sneakers #thombrowne #prada #gucci #ktz #tailored #handmade #pittiuomo #italian #italianstyle #watches #wristwear","[burberry, fashion, rickowens, gq, streetstyle, watches, nickwooster, dapper, stoneisland, tailored, italianstyle, ktz, menswear, ysl, saintlaurent, thombrowne, handmade, rolex, gucci, sneakers, wristwear, prada, pittiuomo, italian]",5,93,Normal,image,1430255204,Modern And Stylish Wristwear,1636914740,https://instagram.com/p/2CHjC2yhQS/,,
9,thombrownetb,,"[l4l, life, family, look, selfie, eyes, hair, instago, all_shots, follow4follow, my, cool, funny, style, nofilter, colorful, thombrowne, instafollow, iphoneonly, 20likes, lol, webstagram, instacool, likeforlike, pretty, sun, bored, tweegram, christmas, nice]",5,135,Juno,image,1430252091,Thom browne Fans Page.ğŸ‡«ğŸ‡·,181996733,https://instagram.com/p/2CBnDqGxva/,,
10,lordgzzus,Always felt like my vision been bigger than a bigger picture,"[raf, balenciaga, rickowens, fearofgod, helmutlang, givenchy, visvim, neilbarrett, margiela, alexanderwang, y3, lauren, kenzo, haiderackermann, yeezus, nike, acne, ralph, adyn, jeremyscott, thombrowne, balmain, offwhite, commonprojects, buscemi]",1,27,Normal,image,1430250628,Luis,366431152,https://instagram.com/p/2B-0dmEgcs/,,
11,y.sanfrancisco,Thom Browne store #thombrowne #respect #newyork,"[newyork, respect, thombrowne]",1,3,Normal,image,1430249631,YE,144865469,https://instagram.com/p/2B86vBB1i_/,,
12,modpaul_,"""Green with Envy"" Photoshoot with Rin Tanaka and the beautiful @shutthekaleup today.. #RinTanaka #sexpistols #punkitup #sensemagazine #ThomBrowne #thombrowneny #vintagethombrowne","[rintanaka, sensemagazine, thombrowne, punkitup, sexpistols, vintagethombrowne, thombrowneny]",1,82,Normal,image,1430249279,"Mod, Surfer, Fashion Obsessed.",1295849708,https://instagram.com/p/2B8PywSZSS/,,
13,seehoons,"#mens #menswear #mensfashion #instadaily #dailylook #instasize #instafashion #daily #thombrowne #thombrowney #knits #selfile #fashion #outfit
#ë°ì¼ë¦¬ë£© #ì¸ìŠ¤íƒ€ì‚¬ì´ì¦ˆ #ì¸ìŠ¤íƒ€íŒ¨ì…˜ #ì¸ìŠ¤íƒ€ì˜·ì¥ #íŒ¨ì…˜
#ì˜·ìŠ¤íƒ€ê·¸ë¨ #í†°ë¸Œë¼ìš´ #ë‹ˆíŠ¸ 
#ë§íŒ” #ì„ íŒ” #í›„íŒ” #íŒ”ë¡œìš° #ì¼ìƒ #ì†Œí†µ #ì¢‹ì•„ìš” #ì¸ì¹œ 
15ss ìŠ¤íŠ¸ë¼ì´í”„ ë¼ìš´ë“œ ë‹ˆíŠ¸ 
ì„¸ì¸íŠ¸ì œì„ìŠ¤ì™€ ë¹„êµí•  ëŒ€ìƒì´ ì•ˆë¨.

ëª©ë’·ë¶€ë¶„ì—ëŠ” í†°ë¸Œë¼ìš´ ìƒì§•ì¸ íŠ¸ë¦¬ì½œë¡œê°€ ìˆê³  íŒ”ëê³¼ ë°‘ë‹¨ì—­ì‹œ ë§ˆì°¬ê°€ì§€ ğŸ‡«ğŸ‡·ğŸ‡«ğŸ‡·ğŸ‡«ğŸ‡·ğŸ‡«ğŸ‡·ğŸ‡«ğŸ‡·ğŸ‡³ğŸ‡±ğŸ‡³ğŸ‡±ğŸ‡³ğŸ‡±ğŸ‡³ğŸ‡± Good~","[knits, fashion, ì„ íŒ”, í†°ë¸Œë¼ìš´, ë§íŒ”, ë‹ˆíŠ¸, outfit, ì¸ìŠ¤íƒ€íŒ¨ì…˜, ì¸ìŠ¤íƒ€ì‚¬ì´ì¦ˆ, íŒ”ë¡œìš°, ë°ì¼ë¦¬ë£©, instadaily, mens, í›„íŒ”, íŒ¨ì…˜, menswear, dailylook, thombrowne, selfile, daily, instasize, ì¸ìŠ¤íƒ€ì˜·ì¥, mensfashion, ì†Œí†µ, thombrowney, ì¸ì¹œ, ì¼ìƒ, ì¢‹ì•„ìš”, ì˜·ìŠ¤íƒ€ê·¸ë¨, instafashion]",2,45,Normal,image,1430247472,ì‹œí›ˆ,1457497938,https://instagram.com/p/2B4zKbLe1J/,,
14,alexandrogiuseppe,Thom Browne at The Room #DEFLOWER #yas #ğŸŒºğŸŒ¹ğŸŒ· #ThomBrowne #Toronto,"[toronto, deflower, ğŸŒºğŸŒ¹ğŸŒ·, yas, thombrowne]",1,13,Juno,image,1430246648,Alex(andro),20891565,https://instagram.com/p/2B3OnSmHrD/,43.652050649,-79.37950655
15,huscamur,#ThomBrowne,[thombrowne],0,12,Normal,image,1430246043,â™»ï¸,181115381,https://instagram.com/p/2B2EsShfoO/,41.085761408,28.995963971
16,cccolumn,ä¸å…ä¿— #thombrowne,[thombrowne],2,3,Normal,image,1430245747,Column,17484226,https://instagram.com/p/2B1goWwg8k/,,
17,deneshgroup,Tuesdays | #officekicks #thombrowne #fillingpieces,"[fillingpieces, officekicks, thombrowne]",2,22,Normal,image,1430245152,NYC Fashion House & Showroom,437576562,https://instagram.com/p/2B0YAMGG0k/,40.7551,-73.989486667
18,ataoptik,#ataoptik #ankara #istanbul #izmir #antalya #adana #bursa #konya #kayseri #fame #style #fashion #classy #instagood #moda #still #streetstyle #instacool #eyefashion  #eyewear #vintage #handmade #retro #art #artist #cool #famous #gÃ¼neÅŸgÃ¶zlÃ¼ÄŸÃ¼ #thombrowne,"[fashion, art, streetstyle, thombrowne, ankara, gÃ¼neÅŸgÃ¶zlÃ¼ÄŸÃ¼, bursa, antalya, konya, fame, izmir, cool, style, still, istanbul, kayseri, vintage, famous, artist, handmade, eyewear, instagood, moda, adana, instacool, retro, classy, ataoptik, eyefashion]",1,59,Normal,image,1430244858,Ata Optik (0312) 430 44 69-70,1310043384,https://instagram.com/p/2Bz0FJNOa1/,,
19,orlandospix,Perfect NYC day to have a Digital NewFronts lunch with colleagues from Yahoo! and Martha Stewart. #digitalnewfronts #yahoo #mslo #nyc #perfectday @cooktine,"[perfectday, thombrowne, nyc, digitalnewfronts, mslo, yahoo]",6,22,Normal,image,1430244526,Orlando Reece,417318425,https://instagram.com/p/2BzLgvtYv4/,40.741560529,-73.993715649
20,_hxxyxxnx,#louisvuitton#christianlouboutin#bape#thombrowne#saintlaurent#selfie#instasize#dailylook#instadaily,"[christianlouboutin, dailylook, saintlaurent, louisvuitton, bape, thombrowne, instadaily, instasize, selfie]",3,23,Nashville,image,1430244360,han yena 92,1096973239,https://instagram.com/p/2By3SksqKJ/,,
21,topabag,"wechat: topabag ,æœ¬åº—å…¬å‘Šï¼šå¯¹äºè¿‘æœŸå„ç§å‡æœ¬åº—çš„å¾®ä¿¡ã€åº—é“ºã€instagramæ¦‚ä¸æœ¬åº—æ— å…³ï¼Œä¸€åˆ‡å’¨è¯¢è¯·åŠ åº—ä¸»å¾®ä¿¡,æ‰€æœ‰å…¬å”®äº¤å‡ä¸ºé«˜ç«¯å®¢æˆ·ä¸“ç”¨ï¼çœ‹å®æ‹è¯´è¯ä¸å›ç­”ä»€ä¹ˆå“è´¨æ­¤ç±»lowé—®é¢˜ï¼
Notice:Our wechat account is:tuibag ,Any other wechat account/store/ins which claimed to be ours except the above one would be fake.We only accept USD on 
Paypal transaction,
handling charge will be on your own expense. If you have any questions,feel free contact 
us on our wechat,please.
#chloe#RichardMille#Boucheron#birkin#chanel#dior#hermes#givenchy#slp#rolex#valentino#GZ#BVLGARI#SaintLaurentParis#vancleefarpels#christinalouboutin#AudemrasPiguet#chromehearts#thombrowne#giuseppezanotti#frankmuller#rickowens#celine#é«˜ç«¯#hermeså¢ƒå¤–æ°´è´§
#DELVAUX#goyard#stellamccartney#maisonmiche#sevenFriday","[chromehearts, rickowens, valentino, chloe, delvaux, birkin, giuseppezanotti, gz, givenchy, dior, hermeså¢ƒå¤–æ°´è´§, celine, saintlaurentparis, goyard, frankmuller, hermes, chanel, stellamccartney, christinalouboutin, é«˜ç«¯, thombrowne, slp, sevenfriday, richardmille, vancleefarpels, boucheron, bvlgari, maisonmiche, rolex, audemraspiguet]",1,4,X-Pro II,image,1430243820,,1664830677,https://instagram.com/p/2Bx1bzipt3/,,
22,yeshim_sonay,#fauna#flora#fantasy#ThomBrowne#fall#mens#2014#fashion#design#designer#fashionista#highmensfashion#instagood#vscocam#vancity,"[vancity, flora, thombrowne, fashionista, mens, fantasy, designer, design, fall, 2014, fauna, vscocam, fashion, highmensfashion, instagood]",0,17,Ludwig,image,1430243347,LaSalle College Vancouver,181883414,https://instagram.com/p/2Bw7qcNV3b/,,
23,importacionesjcr,".
#ThomBrowne",[thombrowne],3,22,Normal,image,1430243246,Juan Se,314548416,https://instagram.com/p/2BwvTvtWVZ/,6.240486993,-75.601259641
24,zara_indo,"Designed in a pantos shape, the Dior So Real sunglasses showcase sophisticated architectural lines in a light frame with linear mirrored lenses.  #darahkubiru #bali #thombrowne #dior #dioraoreal #diorindo
#moscot  #lemtosh #jakarta #bandung #onlineshop #kaskus #indonesia #accessories #replica #kacamata #jualkacamata #tortoise #black #premium #sunglasses #fashion #moscotmiltzen #moscotlemtosh #miltzen","[dioraoreal, jualkacamata, premium, bali, moscotlemtosh, darahkubiru, accessories, diorindo, replica, lemtosh, dior, sunglasses, onlineshop, kacamata, tortoise, thombrowne, jakarta, indonesia, bandung, fashion, black, moscot, moscotmiltzen, kaskus, miltzen]",0,10,Normal,image,1430243010,Disc up to 80% Original zara,1398932242,https://instagram.com/p/2BwSglow7X/,-6.88813135,107.648322433
25,zara_indo,"Designed in a pantos shape, the Dior So Real sunglasses showcase sophisticated architectural lines in a light frame with linear mirrored lenses.  #darahkubiru #bali #thombrowne #dior #dioraoreal #diorindo
#moscot  #lemtosh #jakarta #bandung #onlineshop #kaskus #indonesia #accessories #replica #kacamata #jualkacamata #tortoise #black #premium #sunglasses #fashion #moscotmiltzen #moscotlemtosh #miltzen","[dioraoreal, jualkacamata, premium, bali, moscotlemtosh, darahkubiru, accessories, diorindo, replica, lemtosh, dior, sunglasses, onlineshop, kacamata, tortoise, thombrowne, jakarta, indonesia, bandung, fashion, black, moscot, moscotmiltzen, kaskus, miltzen]",0,8,Normal,image,1430242997,Disc up to 80% Original zara,1398932242,https://instagram.com/p/2BwQ5zIw7U/,-6.888167183,107.648337102
26,kanesyu,#drkshdw #BorisBidjanSaberi #Balmain #givenchy #streetstyle #instaphoto #instastyle #instafashion #style #swag #supreme #streetstyle #chromehearts #christianlouboutin #tb #thombrowneny #thombrowne #saintlaurentparis #bestoftheday #follow #followme #menstyle #menfashion #ootd #outfitsoftoday#supreme#stampd#ccp #rickowens #rafsimons #pyrex #loverickowens,"[loverickowens, chromehearts, supreme, streetstyle, rickowens, ootd, pyrex, rafsimons, borisbidjansaberi, swag, thombrowneny, givenchy, menfashion, instaphoto, saintlaurentparis, drkshdw, follow, instastyle, style, stampd, christianlouboutin, thombrowne, ccp, bestoftheday, menstyle, outfitsoftoday, balmain, tb, followme, instafashion]",2,54,Normal,image,1430242808,Kane Syu,324116040,https://instagram.com/p/2Bv55SkEfo/,,
27,kanesyu,#drkshdw #BorisBidjanSaberi #Balmain #givenchy #streetstyle #instaphoto #instastyle #instafashion #style #swag #supreme #streetstyle #chromehearts #christianlouboutin #tb #thombrowneny #thombrowne #saintlaurentparis #bestoftheday #follow #followme #menstyle #menfashion #ootd #outfitsoftoday#supreme#stampd#ccp #rickowens #rafsimons #pyrex #loverickowens,"[loverickowens, chromehearts, supreme, streetstyle, rickowens, ootd, pyrex, rafsimons, borisbidjansaberi, swag, thombrowneny, givenchy, menfashion, instaphoto, saintlaurentparis, drkshdw, follow, instastyle, style, stampd, christianlouboutin, thombrowne, ccp, bestoftheday, menstyle, outfitsoftoday, balmain, tb, followme, instafashion]",0,39,Normal,image,1430242730,Kane Syu,324116040,https://instagram.com/p/2BvwWxkEfY/,,
28,kanesyu,#drkshdw #BorisBidjanSaberi #Balmain #givenchy #streetstyle #instaphoto #instastyle #instafashion #style #swag #supreme #streetstyle #chromehearts #christianlouboutin #tb #thombrowneny #thombrowne #saintlaurentparis #bestoftheday #follow #followme #menstyle #menfashion #ootd #outfitsoftoday#supreme#stampd#ccp #rickowens #rafsimons #pyrex #loverickowens,"[loverickowens, chromehearts, supreme, streetstyle, rickowens, ootd, pyrex, rafsimons, borisbidjansaberi, swag, thombrowneny, givenchy, menfashion, instaphoto, saintlaurentparis, drkshdw, follow, instastyle, style, stampd, christianlouboutin, thombrowne, ccp, bestoftheday, menstyle, outfitsoftoday, balmain, tb, followme, instafashion]",0,32,Normal,image,1430242649,Kane Syu,324116040,https://instagram.com/p/2BvmejkEfL/,,
29,davidnormanbonney,#recentWork for @afrlifeleisure ğŸ“· @harolddavidphotography #menswear #mensstyle #gucci #giorgioarmani #thombrowne #devilforthedetails,"[devilforthedetails, gucci, menswear, giorgioarmani, recentwork, thombrowne, mensstyle]",0,35,Normal,image,1430242587,David Bonney,206173287,https://instagram.com/p/2Bve6_s2L0/,34.094992482,-118.348340854
30,topabag,"Givenchy ! Top luxury! ğŸ†™
wechat:topabag , æœ¬åº—å…¬å‘Šï¼šå¯¹äºè¿‘æœŸå„ç§å‡æœ¬åº—çš„å¾®ä¿¡ã€åº—é“ºã€instagramæ¦‚ä¸æœ¬åº—æ— å…³ï¼Œä¸€åˆ‡å’¨è¯¢è¯·åŠ åº—ä¸»å¾®ä¿¡,æ‰€æœ‰å…¬å”®äº¤å‡ä¸ºé«˜ç«¯å®¢æˆ·ä¸“ç”¨ï¼çœ‹å®æ‹è¯´è¯ä¸å›ç­”ä»€ä¹ˆå“è´¨æ­¤ç±»lowé—®é¢˜ï¼
Notice:Our wechat account is:tuibag ,Any other wechat account/store/ins which claimed to be ours except the above one would be fake.We only accept USD on 
Paypal transaction,
handling charge will be on your own expense. If you have any questions,feel free contact 
us on our wechat,please.
#chloe#RichardMille#Boucheron#birkin#chanel#dior#hermes#givenchy#slp#rolex#valentino#GZ#BVLGARI#SaintLaurentParis#vancleefarpels#christinalouboutin#AudemrasPiguet#chromehearts#thombrowne#giuseppezanotti#frankmuller#rickowens#celine#é«˜ç«¯#hermeså¢ƒå¤–æ°´è´§
#DELVAUX#goyard#stellamccartney#maisonmiche#sevenFriday","[chromehearts, rickowens, valentino, chloe, delvaux, birkin, giuseppezanotti, gz, givenchy, dior, hermeså¢ƒå¤–æ°´è´§, celine, saintlaurentparis, goyard, frankmuller, hermes, chanel, stellamccartney, christinalouboutin, é«˜ç«¯, thombrowne, slp, sevenfriday, richardmille, vancleefarpels, boucheron, bvlgari, maisonmiche, rolex, audemraspiguet]",0,2,Normal,image,1430242475,,1664830677,https://instagram.com/p/2BvRJ5Cppq/,,
31,men_musthave,à¸à¸£à¹‰à¸­à¸¡à¸ªà¹ˆà¸‡ size 0 à¸ªà¸µà¸Ÿà¹‰à¸² #thombrowne ( à¸–à¹ˆà¸²à¸¢à¸ˆà¸²à¸à¸ªà¸´à¸™à¸„à¹‰à¸²à¸ˆà¸£à¸´à¸‡!! ),"[siambrandname, ralphlaurenthai, chromehearts, polothai, à¸‚à¸²à¸¢à¸‚à¸­à¸‡, givenchy, balenciagathai, polo, balenciagabracelet, sbn, thombrowne, balenciaga, thombrownethai, streetwear, thombrowny, ralphlauren, channel]",1,10,Normal,image,1430242394,Men must have,1612252592,https://instagram.com/p/2BvHQ4qITe/,,
32,topabag,"LV 15æœ€æ–°é™é‡ç‰ˆVå­—æ¶‚é¸¦Neverfullä¸­å· ç«çº¢è‰² è¶…çº§ç¾è…»
wechat:topabag , æœ¬åº—å…¬å‘Šï¼šå¯¹äºè¿‘æœŸå„ç§å‡æœ¬åº—çš„å¾®ä¿¡ã€åº—é“ºã€instagramæ¦‚ä¸æœ¬åº—æ— å…³ï¼Œä¸€åˆ‡å’¨è¯¢è¯·åŠ åº—ä¸»å¾®ä¿¡,æ‰€æœ‰å…¬å”®äº¤å‡ä¸ºé«˜ç«¯å®¢æˆ·ä¸“ç”¨ï¼çœ‹å®æ‹è¯´è¯ä¸å›ç­”ä»€ä¹ˆå“è´¨æ­¤ç±»lowé—®é¢˜ï¼
Notice:Our wechat account is:tuibag ,Any other wechat account/store/ins which claimed to be ours except the above one would be fake.We only accept USD on 
Paypal transaction,
handling charge will be on your own expense. If you have any questions,feel free contact 
us on our wechat,please.
#chloe#RichardMille#Boucheron#birkin#chanel#dior#hermes#givenchy#slp#rolex#valentino#GZ#BVLGARI#SaintLaurentParis#vancleefarpels#christinalouboutin#AudemrasPiguet#chromehearts#thombrowne#giuseppezanotti#frankmuller#rickowens#celine#é«˜ç«¯#hermeså¢ƒå¤–æ°´è´§
#DELVAUX#goyard#stellamccartney#maisonmiche#sevenFriday","[chromehearts, rickowens, valentino, chloe, delvaux, birkin, giuseppezanotti, gz, givenchy, dior, hermeså¢ƒå¤–æ°´è´§, celine, saintlaurentparis, goyard, frankmuller, hermes, chanel, stellamccartney, christinalouboutin, é«˜ç«¯, thombrowne, slp, sevenfriday, richardmille, vancleefarpels, boucheron, bvlgari, maisonmiche, rolex, audemraspiguet]",0,3,X-Pro II,image,1430242311,,1664830677,https://instagram.com/p/2Bu9HcCppB/,,
